id,name,email,high_risk
167386,Lenna Wohlers,18010010@gmail.com,NO
0d01b5,Rickey Sadlier,Marcuslucky@bol.com.br,NO
006b91,Suzy Dies,defiantRichard90@yahoo.com,YES
0dfc54,Alva Cowdroy,Daneangry@optusnet.com.au,NO
154fea,Chiarra Sebley,energeticLeah89@optonline.net,NO
16e14e,Rani Shoveller,Grantagreeable@msn.com,NO
16582b,Belinda Fairburn,easyStephanie79@juno.com,NO
006ddc,Jacobo Chowne,crowdedMatthew@charter.net,NO
1a81fc,Any Dwyer,Ginacrowded@yahoo.co.jp,NO
184423,Berri Rodman,Lesliesuccessful@yahoo.com.ar,NO
03bbb2,Gratia Faber,tameLarry@yandex.ru,NO
03d9eb,Ramonda Klaffs,Daisybad@earthlink.net,YES
149f1c,Garfield Ducker,Daisyfunny@home.nl,NO
1d5df2,Zollie Bridle,curiousCharlotte@juno.com,NO
1.66E+15,Etheline Onions,scaryAdrian@yandex.ru,NO
0aa8e2,Stillmann Placide,Barbaradistinct@windstream.net,NO
18f860,Loren Kemshell,angryHolly30@gmx.de,NO
03877c,Reid Galler,Drewdark@yahoo.com.ar,NO
76713,Prajwal Hatwar,hatwarprajwal@gmail.com,YES
12338a,Georgy Mallender,embarrassedJasmine45@hotmail.co.uk,NO
17ae86,Hildegaard Brumby,Danamotionless@comcast.net,NO
024f58,Trudi O'Sharkey,successfulBradley4@yahoo.fr,NO
014d78,Murdock MacFarlan,Johncheerful@live.com,NO
1d8440,Giordano Jevons,Michelledistinct@live.fr,NO
0c9854,Blane Gutowska,Lindseyfilthy@mac.com,NO
176ccf,Hewe Patrono,blackJohnathan@live.com.au,NO
12d327,Jakob Kellert,frightenedCarolyn@sbcglobal.net,NO
1c183c,Shirleen Mateev,Robertelegant@mail.ru,NO
1b3a5c,Corilla Burkinshaw,lightHilary@yahoo.co.id,NO
05855c,Brnaba Fenech,cuteWhitney@msn.com,NO
19d7fd,Marcela Pointon,eagerMeredith@facebook.com,NO
1b7c4b,Carling Wilber,Rodneyfrail@att.net,NO
1.20E+204,Savina Taplow,Andrewterrible@planet.nl,NO
07fc74,Vaughan Wailes,confusedChristy@hotmail.fr,NO
183c1d,Adolpho Ballinghall,Neilinquisitive@optonline.net,YES
07e9f0,Clemente Cuniffe,Bradleystrange@sympatico.ca,NO
19cb79,Sidonia Shakeshaft,bloodyAimee@shaw.ca,NO
06ca93,Hollyanne Squirrell,Dominiqueashamed@mail.com,NO
019c2c,Lew Willmot,courageousTaylor@bigpond.com,NO
10413d,Jennilee Pollendine,Katherinefoolish@yahoo.ca,NO
0699db,Nicola Clyma,Arthurexcited@sfr.fr,NO
03ea60,Astrix Pickett,Joshuadead@msn.com,NO
0ea851,Gussy Blagden,Maryfaithful@wanadoo.fr,NO
03da5d,Gena Malthouse,Barrycute@juno.com,NO
0161fc,Wells Swede,dangerousBrooke@chello.nl,NO
07ee3d,Tonye Barnett,tiredNathan15@googlemail.com,NO
194b57,Cloe Peggrem,wanderingJake@yahoo.com.ar,NO
49288,Guglielma Buterton,Leedifficult@yahoo.com.au,NO
0f713f,Gregory Biddles,Williamrich@msn.com,NO
0fc699,Belinda Malia,Lindaterrible@voila.fr,YES
0548f4,Daile Kinch,Lindsayhelpful@yahoo.ca,NO
09b141,Shreyas Rajurkar,shreyasrajurkar13@gmail.com,YES
098c62,Antoine Renny,breakableCatherine13@ig.com.br,NO
1b6f3a,Cissiee Augustine,doubtfulAdrienne1@live.nl,NO
1a7926,Krissy Cordon,zanyCourtney@aol.com,NO
132ad9,Hillel Boldry,Dawngleaming@yahoo.com.br,NO
144da4,Aile Kerwin,Jessicadetermined@bigpond.com,YES
06d1c0,Bayard Chezelle,wildJoanna@yahoo.com.sg,NO
0c2d53,Jarad McDougald,Carlosfrantic@tin.it,NO
0311fe,Catarina Fraulo,nervousAllison16@ymail.com,NO
0d1a8e,Sylvester Honnicott,gracefulBryce89@facebook.com,NO
02cccc,Andrei Mankor,vastFernando@sympatico.ca,NO
0ff914,Juli Khobragade,julikhobragade923@gmail.com,YES
0c7084,Jasen Fogel,wrongTrevor@att.net,NO
152344,Tony Hubbert,horribleCarlos@yahoo.it,NO
0e3aff,Hermina Jefferys,braveAlejandro45@alice.it,NO
1162bb,Ramonda Hearnden,powerfulJenna@gmx.net,NO
1bdf5b,Lloyd Addams,blackRosa57@club-internet.fr,NO
103c71,Roldan Woodburn,Ryanunusual@free.fr,NO
26886,Leonidas McMorran,cleverDenise@aliceadsl.fr,NO
01f8fc,Teirtza Coneau,preciousDevin33@free.fr,NO
0c0bbf,Rosaline Jammes,tenderNeil@voila.fr,NO
00757b,Ganesh Yenurkar,ganeshyenurkar@gmail.com,YES
1cd314,Angel Taylour,hurtVincent@home.nl,NO
0f52bd,Gerhard Hewins,selfishJimmy13@tiscali.co.uk,NO
1359a6,Mac Willoughby,cooperativeAmber@hotmail.fr,NO
15492c,Haroun Emsden,joyousJacquelyn37@hotmail.fr,NO
05b61f,Ingra Bosanko,vivaciousJenna11@libero.it,NO
09b694,Erhart McBeth,angryJoy@gmx.net,NO
07e974,Charis Bottrill,bewilderedRafael@mail.ru,NO
12899e,Poppy Filippucci,Edwarddisturbed@hotmail.es,NO
1c9557,Melanie Djurdjevic,Ashleightasty@home.nl,NO
025a16,Idalina Fairbard,uninterestedStefanie@googlemail.com,NO
1b5dc4,Ailyn Kerry,healthyJames@voila.fr,NO
0e0502,Quintana Gallanders,exuberantRamon70@optonline.net,NO
1cde12,Merrel Savil,Garyfamous@web.de,NO
1cf6e6,Vachel Robun,Jacquelinebusy@yahoo.ca,NO
1bbd5b,Maryellen Males,glamorousSamantha5@telenet.be,NO
0fd115,Imogene Antoszewski,Colleenoutstanding@yahoo.ca,NO
10fc85,Eugine Fennick,cuteDevin@laposte.net,NO
1e807a,Lulu Charke,Nikkimotionless@ig.com.br,NO
1aceed,Aldis Mogford,Chasemagnificent@gmx.net,NO
69699,Sallyanne Peddie,oddErnest29@mail.ru,NO
0b5263,Gabriela Demsey,vivaciousSteve@wanadoo.fr,NO
00c2d6,Zachariah Giottini,amusedMonique@windstream.net,NO
1d7470,Lorin Brisbane,Manuelhurt@gmx.de,NO
0e989b,Lorilee Yakubovich,evilArmando88@live.ca,NO
15ef77,Darb Spurdens,thankfulTodd@live.fr,NO
09f137,Corry Conley,terribleRobyn@optusnet.com.au,NO
0054a1,Susanetta Lerer,frightenedRoberto@yahoo.co.in,NO
0ee5f3,Myrvyn Simes,preciousFrancisco74@yahoo.com.ar,YES
0a89f0,Jena Hollyard,frailStephanie27@hotmail.com,YES
123b4f,Borden Speechly,outrageousMelanie@cox.net,NO
89145,Thatch Grief,tenderCandace@telenet.be,NO
15801c,Sascha Rubinsztein,Anaalert@ymail.com,YES
113396,Felike Greggersen,Neilamused@rocketmail.com,NO
0693ef,Celisse Fedorski,shinyLacey39@cox.net,NO
024f44,Fiona Storton,betterRandall@sbcglobal.net,NO
1ddb49,Silvio Major,encouragingSharon33@arcor.de,NO
19e522,Adeline Petty,fantasticWayne26@windstream.net,NO
0274c4,Aile Roles,aggressiveScott2@tiscali.co.uk,NO
0e832d,Gabbie Verbruggen,alivePaul37@earthlink.net,NO
62304,Morgana Dacre,Williedepressed@tiscali.co.uk,NO
09c02a,Ede Elton,Samanthaprecious@home.nl,NO
1ce5f5,Brandie Harrhy,spotlessTravis48@ymail.com,NO
0c0eef,Aldin McIvor,ashamedSharon@gmx.net,NO
158d7f,Carlos Goudy,crazyCara@yahoo.de,NO
197b69,Cynthie Gillyett,richChase@skynet.be,NO
0e5109,Carlo Creese,determinedMarvin32@hotmail.fr,NO
135062,Eugen Sneyd,filthyZachary@hotmail.co.uk,NO
1e4d52,Juliana Fidge,fairAnne67@facebook.com,NO
0cbc75,Celestyna Garvagh,helpfulJacquelyn@bellsouth.net,YES
00a61b,Nefen Kay,Melodycurious@yahoo.co.jp,NO
1aaa9e,Veriee Lunbech,Meganclever@yahoo.de,NO
14046,Terrie O'Scandall,healthyBrianna1@yahoo.com.ar,NO
132653,Doralynn McMurray,cuteSavannah@rediffmail.com,NO
105935,Jada Betteriss,lazyMarie55@sky.com,NO
187a9f,Ainsley Perazzo,comfortableChristian76@sfr.fr,NO
76190,Kirstin Josilevich,tenseHaley6@hotmail.com,NO
1e0775,Rosemary Aspenlon,giftedChase@hetnet.nl,NO
18d6ca,Sile Stirgess,Katelyncloudy@windstream.net,NO
124827,Jobi Egiloff,impossibleJillian@ig.com.br,NO
1a87e1,Sunshine Raveau,blackBrendan99@laposte.net,NO
19c85e,Karine Lemerle,healthyJulia@earthlink.net,NO
1a1734,Ashbey Adney,brightJoseph41@aim.com,NO
11a742,Sigismond McGarahan,toughRodney71@yahoo.co.jp,NO
59369,Hillier Vardy,Tayloranxious@aol.com,NO
0a08f7,Carrie Wildes,awfulAndrea@hotmail.fr,NO
07ba39,Renato Fellis,inexpensiveMichelle76@planet.nl,NO
108e5f,Scarface Alforde,Henryclumsy@hotmail.com,NO
1.15E+89,Duffie Hawick,terribleColin@hotmail.com,NO
09da39,Harbert Goodliffe,disturbedRaul@yahoo.co.uk,NO
0b0cd7,Malva Lownes,Troytasty@hotmail.it,NO
121638,Peggie Beresfore,thoughtfulTrevor@juno.com,NO
0c5fe2,Maurizio Ferrario,Carolynshiny@charter.net,NO
0a4d45,Caprice Hawk,lovelyGlenn@cox.net,NO
02c51d,Culley Eversley,Ruthworried@yahoo.co.in,NO
0e9f76,Maryl Oglesbee,troubledAlex@t-online.de,NO
20346,Stefanie Rudsdell,Jackthoughtless@juno.com,NO
0879dd,Corrianne Paraman,ugliestMaggie41@gmx.de,NO
06a839,Boony Sparkwill,inquisitiveDevin23@googlemail.com,NO
04d21c,Giana D'Oyly,naughtyFrederick91@hotmail.co.uk,NO
1abb49,Adel Atterbury,determinedRosa30@skynet.be,NO
113a82,Kellby O'Hdirscoll,clumsyNikki@free.fr,NO
17c9d6,Edik Fairpool,Carmenzealous@hotmail.fr,NO
1.90E+19,Tove Edelmann,Cristinahorrible@optusnet.com.au,YES
023c9c,Meagan Blissitt,difficultAudrey75@alice.it,NO
1b6c9b,Beaufort Gauthorpp,Kimberlydoubtful@mail.ru,NO
87250,Nahum Gyer,charmingChristine@qq.com,NO
18d329,Berny Cherrie,Franciscofair@alice.it,NO
05532e,Cordi Jiru,bewilderedDarrell36@bluewin.ch,NO
02e70f,Blisse Gotcliffe,magnificentHillary@tiscali.it,NO
0bc41d,Prentice Karpov,gorgeousAaron18@yahoo.co.id,NO
136b86,Devonne Spottiswoode,grotesqueAlexander33@neuf.fr,NO
1cc1a8,Nikkie Paradine,Bonnieanxious@sympatico.ca,NO
19ec35,Malissa Slowcock,inexpensiveKaren11@verizon.net,YES
182d77,Ricky Aubin,cuteAaron5@aliceadsl.fr,NO
1814d5,Reagan Goublier,Shanepoised@voila.fr,NO
1622ec,Rina Weldon,tameMark@rediffmail.com,NO
002eb1,Waldon Valiant,happySabrina@bigpond.net.au,YES
85013,Josee Reeken,Natashabrave@earthlink.net,NO
1dd737,Sloane Bassett,dullAdrian17@hotmail.it,YES
13a38e,Wendel Nisot,magnificentJohnny@shaw.ca,NO
0b3930,Nevil Cheak,gleamingMarisa2@bigpond.net.au,NO
1a460c,Ron Spinella,Calebbright@arcor.de,YES
076f8c,Erasmus Lamasna,elegantJillian64@charter.net,NO
157813,Ashley Jansen,Dawntasty@hotmail.co.uk,NO
147dd1,Anthia Wisniowski,Franciscolucky@live.ca,NO
1d794b,Theodora Compson,Kathleenquaint@live.ca,NO
04ca96,Merrill Frawley,aggressiveKaitlin@rediffmail.com,NO
05ba55,Quinton Ranald,comfortableMeghan54@yahoo.com,NO
0a8d45,Tillie MacAllaster,deadCarolyn@yahoo.com.au,NO
199af5,Kasper Satterley,Theresablushing@juno.com,NO
1de221,Sayers Cowing,kindAlan@planet.nl,NO
18f4af,Tatum Trevillion,obedientMonica28@sky.com,NO
065b6a,Aurora Bernaldo,relievedKathryn67@t-online.de,NO
18f580,Nancie Gant,Lydianervous@tin.it,NO
1c38a0,Powell Bernardt,obnoxiousMarie@rambler.ru,NO
1540,Agretha Brownsmith,determinedAllen19@hotmail.fr,NO
115cb6,Bobina Core,Shawnaanxious@yandex.ru,NO
04323c,Coreen Demongeot,Angelicabright@wanadoo.fr,NO
099c7f,Marilin Ramm,sparklingAbigail@planet.nl,NO
0cd2a0,Silvan Mizen,wildRicky62@live.com,NO
97109,Lindon Warcup,Joyrelieved@tiscali.it,NO
55687,Katya Cordingley,grotesqueBrian@googlemail.com,NO
038b9d,Max Parman,badKarl56@chello.nl,NO
0115ff,Bard Shearston,courageousShawn@comcast.net,NO
1b05da,Berny Hackley,breakableMelody@me.com,NO
1b85d5,Helenka Sprigings,stupidDeanna@aim.com,NO
012ede,Yetty Leathe,carefulAlisha96@tiscali.co.uk,YES
1763d9,Zonnya Heild,aggressiveAnthony@hotmail.co.uk,NO
8.31E+02,Hollis Wellesley,betterBarry@sfr.fr,YES
04ae47,Neal Hise,plainKrystal73@mac.com,NO
181883,Graig Howey,Shawnaselfish@bellsouth.net,NO
1cd5e7,Odella Kroin,elegantAlyssa@msn.com,NO
142053,Kale Woodyer,arrogantDavid35@zonnet.nl,NO
00afaa,Joly MacUchadair,quaintTyler98@live.nl,NO
1dd91c,Ignazio Flatt,lightKristi56@live.fr,NO
5.00E+17,Lowe Alelsandrowicz,glamorousKristi@sky.com,NO
0dc466,Cynthie McCosh,Stephenenvious@yahoo.co.id,NO
02b1a0,Gale Chaimson,glamorousTaryn@att.net,NO
190fd4,Elnore Pixton,worriedTheresa98@juno.com,NO
0fb080,Chlo Brumpton,itchyBeth@juno.com,NO
0ccce6,Ezechiel Lesly,Lauranutty@sympatico.ca,NO
0e781a,Wyndham Secrett,expensiveCorey56@live.ca,NO
09e2ab,Em Braghini,averageSteven41@tin.it,NO
162d6d,Cleopatra Older,old-fashionedDustin86@sky.com,NO
17da6c,Nanon Sackes,cleanHolly@voila.fr,NO
1e4fe6,Amye Antognozzii,blue-eyedJenna@hotmail.com,NO
1477d1,Mac O'Hartnedy,Rosasilly@laposte.net,NO
1c9ec8,Katleen Mellings,mushyAngela@blueyonder.co.uk,NO
098fb8,Lyda Vandrill,mysteriousBridget9@bol.com.br,NO
145106,Angelica Mills,outrageousSteven@mac.com,NO
131ed0,Fanechka Sharples,Kristadisturbed@ntlworld.com,NO
198040,Keane Bulman,Briannathoughtful@yahoo.com.sg,NO
14b53f,Ronda Hirtzmann,grotesqueKrystle@yahoo.it,NO
04f2f5,Franny Caroline,upsetNikki41@cox.net,NO
124865,Nadia Po,Tonyadventurous@wanadoo.fr,NO
01bfa8,Ariadne Gavaran,Claudiablack@libero.it,YES
102d1d,Bartolomeo Kubera,victoriousYolanda@terra.com.br,NO
11d749,Bailey Phant,excitedDawn59@charter.net,YES
0ca993,Booth Gerding,aggressiveSandra73@live.fr,NO
1e43fa,Anastassia Cosbee,famousAdriana@yahoo.co.in,NO
05d5fb,Aveline Romme,worriedTristan@free.fr,NO
10e8c5,Jobina Knuckles,Lesliedistinct@voila.fr,YES
57747,Calli Shugg,frightenedRichard18@yandex.ru,NO
102ff1,Eustacia Brager,Leahzealous@aliceadsl.fr,YES
073c4d,Sara-ann Christofol,brainyEmily@sbcglobal.net,NO
0b272b,Idaline Durling,impossibleEdwin16@sfr.fr,YES
1a3a66,Danya Crosland,outstandingTyler79@yahoo.in,NO
020b92,Sibby Knights,impossibleGlenn@sympatico.ca,NO
08d1fa,Inessa Crimmins,itchyAlyssa0@yahoo.com.mx,NO
1b52c3,Ellis Kees,anxiousTammy@ntlworld.com,NO
03e29e,Trixy Steffan,cleanJeffery26@sky.com,YES
0b25a7,Emanuel Maggs,Randallmodern@yahoo.com.ar,NO
1c64d2,Gayler Grimm,Ernesthungry@ig.com.br,YES
03d230,Biddy Woodman,plainMallory24@aliceadsl.fr,NO
1225bc,Todd Duffyn,inexpensiveKendra@live.fr,NO
183f19,Gregor Fullick,goodTodd@blueyonder.co.uk,NO
7.80E+68,Shirl Hebbs,frightenedMarc@tin.it,YES
052c7e,Billie Lack,Teresaconcerned@live.co.uk,NO
06d52d,Annie Maria,bloodyStephanie72@gmail.com,NO
186d8b,Zsazsa Gofford,creepyMarvin@rambler.ru,NO
1.35E+10,Julina Bagby,Oscartalented@yahoo.com.ar,NO
1508b7,Rand Damant,Chadcrowded@juno.com,NO
0e07eb,Burch Longthorn,jitteryMallory@web.de,YES
086d4b,Travers Kinge,Heatherbeautiful@qq.com,NO
1d9fb1,Mignonne Billingham,innocentJesse56@zonnet.nl,NO
11089f,Alleen Worlidge,fierceRoy@wanadoo.fr,NO
132b76,Hobie Springer,darkChristina97@alice.it,NO
052d13,Laural Armin,fineAlejandro@yahoo.ca,NO
10885e,Margaux Slader,cruelBridget@centurytel.net,NO
16ab2c,Regan Clac,Meredithenvious@aol.com,NO
187c9e,Florenza Siddens,thankfulKristopher@outlook.com,NO
0755f6,Siegfried Petkovic,fragileRonnie46@live.ca,NO
05b5a2,Edi Benes,selfishMartin69@tiscali.co.uk,NO
14b4ff,Freeman Guitton,Taratired@live.ca,NO
0036ba,Nobie Fishburn,exuberantRicardo30@yahoo.fr,NO
03ddad,Cob Cracknell,openCatherine82@yahoo.fr,YES
1c069c,Verene Scoggan,gracefulBradley56@sky.com,NO
0fa106,Davide Snowsill,annoyingJeffery@yahoo.com.br,NO
0c407e,Randi Scoggan,niceDawn@cox.net,NO
174447,Amelita Varah,disgustedCarolyn16@telenet.be,NO
11ea2f,Alison Tidcombe,calmDarrell60@skynet.be,NO
1e7531,Emyle Poyle,lovelyKayla@aol.com,YES
0101f6,Fax Iannini,boredCristina34@verizon.net,NO
27209,Harlene Kahan,Devincooperative@hetnet.nl,NO
04da29,Happy de Clercq,Kelseyugliest@sfr.fr,NO
0d1eb0,Shepperd Kinsey,fairTonya11@yandex.ru,NO
1b4aac,Opaline Paolone,Edwardenvious@bigpond.net.au,NO
1.89E+07,Goldie Clemes,elatedAudrey96@earthlink.net,NO
11471c,Ewell Eskrigg,oddAshley@rocketmail.com,YES
11b50f,Hyacinthe Resdale,selfishWillie@hotmail.co.uk,NO
198ea2,Corilla Dafydd,nervousPhilip@yahoo.fr,NO
0e71a3,Konstantine Dilks,combativeNichole10@blueyonder.co.uk,NO
0fda1a,Maximilian Corbie,foolishHannah@live.nl,NO
7695,Holmes Hutson,Samueluninterested@gmail.com,NO
070cde,Willem Aughton,disgustedRoss@yahoo.com,NO
125584,Gardener Corrin,Tashapoised@shaw.ca,NO
00f454,Dalston Karet,healthyChristine@libero.it,NO
0728ba,Gusella Kochs,Jennavictorious@yahoo.co.id,NO
0d510e,Steffie Boniface,vastRobyn79@mail.com,NO
017a29,Hyacinth Mapston,Kristinedifferent@gmail.com,NO
179de0,Teodoor Pheby,homelessIan@msn.com,NO
09b56e,Sax Zanini,Abbyshy@home.nl,NO
164300,Ranna Murcott,carefulMarisa@live.fr,NO
0862dc,Winn Cleft,quaintKristin@arcor.de,NO
1a2f3b,Leonie Greystoke,zanyShannon49@mac.com,NO
09633c,Sheba Jardine,Charlesclumsy@orange.fr,YES
16179a,Laura Lusher,stormyRuth57@rocketmail.com,YES
00d548,Teddie Wilhelmy,dizzyHillary@aol.com,NO
0b5013,Nina Wilbraham,Petermagnificent@skynet.be,NO
1c0c5d,Louise Birds,blackAbby38@mail.com,NO
0f8734,Isac Youel,enviousLucas80@yahoo.com,NO
1c2df3,Mehetabel Bertelmot,Sethgifted@bigpond.com,NO
14f677,Tibold Pilling,Toddbeautiful@mac.com,NO
19ade9,Farica Damrell,Leviitchy@sky.com,YES
1b0c39,Wendy Blanko,encouragingMelinda@live.ca,NO
1b6c86,Constantia Gittoes,filthyRaquel@hotmail.co.uk,YES
141ef4,Lebbie Bidder,poisedAlison85@free.fr,NO
0cb0ca,Desdemona Hallifax,condemnedSummer@rediffmail.com,NO
73466,Roby Lock,Katedead@yandex.ru,NO
0b01b6,Boonie Semechik,Kelliebored@club-internet.fr,NO
199434,Brina Culbert,Justinmotionless@rambler.ru,NO
0c3de8,Frasier Jorck,inexpensiveSpencer@telenet.be,NO
123d30,Chrissy Trethewey,wittyTara35@yahoo.com.mx,NO
0d9b9f,Myron Molian,crowdedStephen@tin.it,NO
134b55,Franky Kerwick,wearyNathaniel@chello.nl,NO
1086fd,Bale Janjusevic,beautifulAndrew@hotmail.co.uk,NO
0e4784,Jere Clues,Shannaplain@live.co.uk,NO
13fe46,Bridgette Dener,uglyLori@alice.it,NO
1b2d91,Sidoney Howsin,obedientAlana@tiscali.it,NO
0aa887,Brinna Vearncomb,happyAmanda@sympatico.ca,YES
0880dc,Jermaine Delatour,fineGlenn71@bigpond.net.au,NO
184430,Wrennie Wyper,outstandingJesus@bellsouth.net,NO
07a20f,Manfred Schindler,Jeremiahdelightful@live.com,NO
0af111,Leeann Barlow,Julievictorious@mail.ru,NO
171732,Eldredge Maplestone,Leeblue@gmail.com,NO
0a856f,Clary Kinnaird,Jonathanhelpless@tiscali.it,NO
02dd4a,Greta Perutto,drabDiane@yandex.ru,NO
1b82ee,Tamiko Kilcoyne,proudShane7@yahoo.com.br,NO
31498,Teriann Doudney,calmRose@live.nl,NO
0ca2bb,Patrica Maylin,defiantErnest90@hotmail.it,NO
0210ef,Adrien Lindenboim,eagerGerald@freenet.de,NO
041b98,Dedra Peppard,adorableValerie@rediffmail.com,NO
1258fe,Elnora Attlee,mysteriousCraig@club-internet.fr,NO
1666f8,Lyman Cato,enviousJack@mail.ru,NO
0f1504,Evonne Jantot,Leonardhungry@rediffmail.com,YES
1c5eee,Turner MacPhee,lovelyJanelle@gmx.net,NO
12ea15,Pall Patry,defeatedMark49@verizon.net,YES
05739b,Winni Jackett,Marioconcerned@yahoo.it,NO
0baf0f,Colby Henriksson,Audreydistinct@hotmail.it,NO
1.95E+75,Jordon Ioannou,shinyCristina44@home.nl,NO
0c0851,Violante Eagles,hungryGina@bigpond.com,NO
0cbe95,Grata Gozzard,arrogantCharles@telenet.be,NO
174a7a,Cozmo Wapple,worriedChad@yahoo.com.mx,NO
08807e,Dalis Clews,Evancurious@alice.it,NO
01b898,Ario Ruit,busyMisty@web.de,NO
0d4eb6,Dani McElrea,unusualRobin@tiscali.co.uk,NO
02cd52,Roman MacIllrick,obedientPhilip@arcor.de,NO
17eb27,Alexei Legen,Rodneyeager@bol.com.br,NO
040ca3,Powell MacAne,Jessicarich@mail.com,NO
13b1fd,Lillis Kershaw,oddJose@rocketmail.com,NO
126436,Randee Gariff,Joshuahappy@verizon.net,NO
165c78,Goran Stredder,Ryanterrible@tiscali.it,NO
0ef5a5,Joelle Semble,Monicaspotless@sympatico.ca,NO
09c174,Isidor Yarnold,tameDerrick@virgilio.it,YES
1c7da9,Marjory Gasgarth,fairKrystal@yandex.ru,NO
0cfb1a,Pall Barde,Aprilexcited@yahoo.com.au,NO
05b4dc,Elspeth Edwin,uptightCorey@mail.com,YES
18ca93,Gardiner Stelfox,Larryprecious@sympatico.ca,NO
0a19e0,Kaylil Ferreiro,Markquaint@gmail.com,NO
13d849,Abbe Donaghy,Cynthiacurious@hotmail.com,NO
0af15a,Kerrill Ferry,happyJason@bigpond.com,NO
094d4d,Thane Yglesias,obedientCassandra@live.co.uk,NO
0d79ee,Pavel MacAne,encouragingKendra48@tiscali.co.uk,YES
161a7f,Jemimah Whaymand,Laceydifficult@sympatico.ca,NO
175956,Lina Dorie,Rebekahsmiling@wanadoo.fr,NO
0111d9,Bird Gartin,outstandingTerry@gmail.com,NO
0f262b,Wallas Bakhrushin,Hectorbeautiful@libero.it,NO
0f2785,Arty Heliar,mistyKristine@yahoo.co.id,NO
134b99,Celeste Harcarse,Danaworried@bigpond.net.au,NO
2263,Rosalia Hartman,Marieexuberant@bol.com.br,NO
2.70E+94,Gradey Ducker,braveJeffery35@voila.fr,YES
0d65b8,Karlens Schrinel,victoriousJulia94@skynet.be,NO
0a1d2b,Edlin McGuirk,exuberantBrooke59@club-internet.fr,NO
144868,Debbie Heine,strangeMargaret32@yahoo.com.ar,NO
07bc12,Nyssa Wraggs,proudCara40@optonline.net,NO
19735d,Sigfrid Jansa,old-fashionedKristen@yahoo.com,NO
0dcf12,Lauree Leipnik,angryJasmine@virgilio.it,NO
02d57b,Doralia Orry,Ninaweary@wanadoo.fr,NO
01fc71,Lind Dell,Lydiaamused@facebook.com,NO
03128c,Josie Klyn,Levirepulsive@yahoo.com.au,NO
0f1dc9,Jules Neathway,Raquelpuzzled@earthlink.net,NO
95575,Blair Domelow,cooperativeTammy76@ymail.com,NO
05635e,Clarisse Hehir,poorDominique@gmx.net,NO
1cb9e6,Whittaker Ubach,Caraglamorous@skynet.be,NO
073eb4,Gualterio Merrick,proudLance@live.com,NO
120ffd,Analise Constable,brightJacob@yahoo.com.br,NO
039f0f,Vernice Ferns,mushyKeri@me.com,NO
1d265c,Mendel Chillingworth,homelessAdriana16@hotmail.fr,NO
16372c,Taryn Vasyutkin,worrisomeJerry43@tiscali.co.uk,NO
001a82,Georgi Barrie,franticRebekah58@wanadoo.fr,NO
1e83af,Maitilde Jeanesson,carefulHolly@yahoo.fr,NO
19994f,Percy Heaysman,Isaacmotionless@freenet.de,NO
72587,Gipsy Allwright,Adrienneoutrageous@att.net,NO
16f14e,Frieda Heild,Savannahcomfortable@aol.com,NO
1e2116,Boony Guillerman,tameRegina5@hotmail.es,NO
0c3c0d,Calida Nipper,courageousKaitlin@hotmail.fr,YES
15e13b,Lamond De la Yglesia,Antonioperfect@yahoo.co.in,NO
17f4b1,Joyous Komorowski,Adamtired@facebook.com,NO
168ab4,Mallory Whiteside,courageousBrittney@yahoo.co.jp,NO
1af8c0,Sonya Muckian,inquisitiveBrenda8@skynet.be,NO
103a7c,Dudley Dominico,embarrassedJesse26@yahoo.co.uk,NO
73900,Brier Richter,smoggyKara42@sfr.fr,NO
1ce8cc,Dorisa Crace,jealousAlexander@verizon.net,NO
1c99be,Hatty Risely,Brendanspotless@charter.net,NO
140af0,Frederich Davley,poisedDerek11@live.com.au,NO
07de95,Maureene Bavidge,panickyLuis@virgilio.it,NO
14ca32,Rosemonde Paszak,sparklingBrian@terra.com.br,NO
08b9a5,Rianon Wicklin,enthusiasticPaula38@live.fr,NO
18e4d3,Lincoln Jackways,mushyEmily@gmail.com,NO
1384cb,Matteo Kopp,tenseKrystal14@mail.com,NO
158663,Kevina Seabridge,Franksparkling@juno.com,NO
184129,Bettina Braznell,enthusiasticAlexander@aliceadsl.fr,NO
1b5fbb,Nicola Furlong,naughtyDustin@me.com,NO
1cd799,Tab Wooler,doubtfulMeghan3@uol.com.br,NO
087b8b,Merv Dewan,Cassandrahappy@telenet.be,NO
18eaa7,Ashleigh Drowsfield,faithfulJasmine@mail.com,YES
55839,Justinian Risborough,Derricknice@windstream.net,NO
0b2984,Trenna Grinyakin,badJay@aol.com,NO
01ce98,Muire Holdforth,sillyCandace@aim.com,NO
17539,Innis Andrich,grumpyVanessa12@yahoo.fr,NO
0c8eab,Darcee Sabathier,funnyJessie@earthlink.net,NO
1e1410,Hamil Schneidau,tenseTommy@laposte.net,NO
06782e,Heida Lanahan,wittyTerry6@aol.com,NO
015f0a,Janith Kingscote,Samuelagreeable@gmail.com,NO
042eb1,Darbie Cranfield,thoughtlessIan@ntlworld.com,NO
079d8f,Carlene Andrey,Audreyugliest@club-internet.fr,NO
167269,Temp Breward,illLuke15@sympatico.ca,NO
1600fe,Bruis Swigg,successfulPriscilla82@live.fr,NO
1e3fb9,Chantal Bonder,itchyStephen@gmail.com,NO
0c12f7,Christalle Egalton,Douglaseager@rediffmail.com,NO
1.09E+05,Olga Nowakowska,superChristian20@chello.nl,NO
0a2d67,Tomi Dugget,defiantRonald14@rediffmail.com,NO
07fe7e,Christian Tenwick,Jacquelynhandsome@shaw.ca,NO
0afdf7,Dev Cossans,Alexzany@yahoo.com.sg,NO
183375,Rozamond Sainsbury-Brown,Melanieattractive@aol.com,NO
62333,Brod Piggrem,famousSusan@gmx.net,NO
0cf254,Lethia Natalie,adventurousValerie@ntlworld.com,NO
15809b,Stella Rantoul,glamorousRandy@gmx.net,NO
18a8f3,Pietra Alejo,Christiantough@aol.com,NO
1e0721,Rhetta Broady,zealousSheila@libero.it,NO
18f0b5,Gay Devenny,lightPreston@mail.com,NO
193d17,Vittoria Iacomini,aggressiveErica@shaw.ca,NO
0f4391,Jeanelle Heijne,Donnanasty@t-online.de,NO
7.40E+79,Agnella Ruprechter,Albertopowerful@tiscali.co.uk,YES
0e014d,Modesta Tregunnah,cloudyColleen@bluewin.ch,NO
07e8cc,Ernesta Dight,muddyEvelyn60@hotmail.de,NO
135eb9,Alvinia Garretson,nuttyGeorge32@planet.nl,NO
1260ea,Olia Bathurst,Samuelperfect@verizon.net,NO
1b3c54,Cassaundra Sotheron,filthyDerrick47@live.co.uk,NO
085fb6,Andrea Brocklehurst,zanyKurt@home.nl,NO
1.70E+92,Prudi Luchelli,differentMegan62@earthlink.net,NO
1aac98,Sisile Asbrey,braveMelissa@t-online.de,NO
1b2531,Andi Feaveer,Summerwide-eyed@optusnet.com.au,NO
21949,Arley Hove,Taylorhilarious@facebook.com,NO
0607d8,Erhart Breagan,Devonevil@uol.com.br,NO
1d9987,Beverie Slatten,Tanyapuzzled@facebook.com,NO
04e980,Chuck Rodolico,old-fashionedMindy23@yahoo.com.br,NO
03719a,Kaiser Chadd,amusedFrank@bigpond.com,NO
1e0c53,Teddy Soitoux,Mollyfine@bigpond.com,NO
1e70b9,Raynor McKaile,Jaclyndoubtful@web.de,NO
0ebae6,Farris Welberry,magnificentJeremy@shaw.ca,NO
13402c,Jess Lowndsborough,Crystalclever@live.co.uk,NO
1d9fe1,Dane Chomiszewski,Robertofunny@bellsouth.net,NO
1b29ae,Antonina Cookman,funnyTheodore76@neuf.fr,NO
018daf,Durant Lotherington,jealousSummer64@mac.com,NO
1aaa91,Dorice Charlwood,mushyOlivia@wanadoo.fr,NO
0f450c,Esdras Mahon,Sierraugliest@tiscali.co.uk,NO
12b6fa,Giavani O'Currigan,gorgeousDennis32@hotmail.es,NO
1c5179,Cary Stroton,aggressiveTheresa@hetnet.nl,NO
065f22,Daryl Dominighi,richMarissa@yandex.ru,NO
35139,Adriane Bruineman,Alexisdefeated@juno.com,NO
07257f,Glennie Denniss,Brandonhelpful@bellsouth.net,NO
1e015a,Rora Teggin,funnyMandy@earthlink.net,NO
034a51,Shelly Davie,nervousRebecca@bol.com.br,NO
01610e,Skelly Thackwray,Johnnyclear@telenet.be,NO
0137d9,Colman Gallymore,distinctAimee@sbcglobal.net,NO
1066f3,Willdon Hummerston,Brandievil@aliceadsl.fr,NO
03ee92,Cal Goseling,arrogantShawn23@frontiernet.net,NO
1e099d,Iona Dimnage,Kristinesleepy@yahoo.com.mx,NO
03838b,Garrek Glowinski,foolishSharon@yahoo.com.ar,NO
1a414f,Elsworth Safont,angryAmber26@hotmail.fr,YES
0808d2,Julius Limer,Jeremiahzany@uol.com.br,NO
02cc2d,Tull Restill,Marthacrazy@skynet.be,YES
13a4b2,Raleigh Blew,cleanManuel95@wanadoo.fr,NO
08d701,Terri Dennehy,cruelLindsay93@yahoo.com,NO
11ee99,Micheil Maddick,Desireedepressed@centurytel.net,NO
12047d,Jerrilee Laurencot,Ivanmisty@rediffmail.com,NO
0718ef,Casie Quarlis,angryMaurice@wanadoo.fr,YES
092f56,Eba De Paoli,alertKarl36@zonnet.nl,NO
039b5c,Annecorinne Waterhowse,energeticJerry49@yandex.ru,YES
12c216,Micky Benedick,gracefulDiane@ymail.com,NO
07f1ad,Fallon Junkinson,Christinescary@qq.com,NO
0c23b4,Ede Bransden,shinySummer@live.it,NO
0404ec,Ragnar Donaway,dangerousKenneth@aliceadsl.fr,NO
0afca5,Van Hehir,magnificentCandace@zonnet.nl,NO
03cce8,Ingelbert Burril,hilariousCharles@ntlworld.com,NO
06cb08,Dolf Wickey,Evelynstormy@verizon.net,NO
1bbe85,Frank Benadette,horribleAdriana@live.com,NO
0f4f70,Madlin Franz,spotlessSheila3@neuf.fr,NO
0054f9,Farra Playden,evilCameron@telenet.be,NO
1800fd,Selene O'Flynn,brightAmy70@juno.com,NO
11a440,Lionello Attersoll,bloodyTheresa50@arcor.de,NO
0c5510,Robena Stolting,Kellycurious@yahoo.es,NO
0ac033,Raddy Gatheridge,troubledShawna74@qq.com,NO
17c137,Nicholle Hazeldene,Carolynfair@yahoo.com.au,NO
1d4946,Tamara Sangwine,crazyLisa@hetnet.nl,NO
1a85be,Zandra Bradborne,impossibleLucas43@orange.fr,NO
0f3b0b,Allix Ackeroyd,preciousMitchell53@yahoo.in,NO
1d7fac,Hannie Alenin,obedientEdward98@chello.nl,YES
1c815c,Vitia Glascott,gleamingAshlee3@outlook.com,NO
0e0f7e,Arnold Fewings,outrageousSuzanne@qq.com,NO
1a7aff,Bryana Biddlecombe,boredJack29@earthlink.net,NO
13c3f0,Sutherland Mabson,Shawntense@bluewin.ch,NO
1d29fa,Darrick Whoston,Alanpanicky@terra.com.br,NO
08a02f,Donal Devons,Rebekahnutty@yahoo.com.sg,NO
184a42,Morgan Hayhurst,blue-eyedMarcus7@frontiernet.net,NO
0458b1,Durant Swyndley,excitedBilly@qq.com,NO
130479,Mimi Fulford,illKathleen22@voila.fr,NO
0f8cb6,Hale Coytes,drabJodi@yahoo.es,NO
1e4527,Hewe Lashmore,thankfulRussell@rocketmail.com,NO
0d1ff5,Crissy Audry,nervousAlyssa@aol.com,NO
18b24c,Loretta McCluskey,zanyDominic48@hotmail.fr,NO
13b056,Freeman Ccomini,concernedKathleen38@free.fr,NO
043aab,Tildy Durno,Reneetired@mail.com,NO
10582f,Noel Pinn,Loganwandering@hotmail.it,NO
09d2f2,Rebeca Munnion,hurtTaryn@yahoo.com.ar,NO
105eca,Mace Stollman,Virginiaimpossible@zonnet.nl,NO
1aaff7,Clarabelle Knill,Barryfrail@att.net,NO
52914,Shae Bothie,Marisadetermined@hotmail.it,NO
042ad1,Carol-jean Richings,Priscillacombative@yahoo.it,NO
198c0f,Quint Trusler,gorgeousAlana60@telenet.be,NO
18923f,Clarance Osboldstone,happyLacey58@yahoo.co.id,YES
1de969,Ephrem Dowdall,superDaisy9@msn.com,NO
186580,Christoph Livard,oddBrittney@alice.it,NO
0be65f,Ajay Loxdale,badJohnny@home.nl,NO
0f3af4,Danella Sheerman,Ashleighstupid@tin.it,NO
0661ed,Karin Fearns,Laurenpoor@centurytel.net,NO
1d7de8,Roshelle Valeri,easyMegan@telenet.be,NO
16300d,Orelie Maureen,calmDerek@blueyonder.co.uk,NO
115c2a,Darnell Sperski,sparklingBarbara@outlook.com,NO
07e67e,Charlean Willgoose,Derrickdifferent@outlook.com,NO
166d0c,Noland Climpson,thoughtfulChristopher@freenet.de,NO
1332df,Joellyn Waldocke,Blakejolly@bigpond.net.au,NO
0bce22,Charmaine Brogiotti,Melaniefantastic@live.com,YES
15cd50,Izak Taffie,innocentClayton93@skynet.be,NO
15ec52,June Powney,goodTimothy48@yahoo.com.sg,NO
181243,Ferguson Kirsop,brightApril@yahoo.ca,NO
57557,Del Crack,Kristyimpossible@bigpond.net.au,NO
19bc44,Amye Dinsale,grumpyChristie21@yahoo.com.br,NO
91111,Rey Paliser,Nicoletense@tiscali.co.uk,NO
0ee471,Fonz Gelder,braveAnne@windstream.net,NO
0cdc36,Tan Milby,Tammylonely@blueyonder.co.uk,NO
1b06dc,Garry Rosenbush,Dianatame@yahoo.ca,NO
19a31c,Michaela Croxon,cleanMindy39@live.com,NO
0805b6,Glyn Redholes,carefulDylan37@earthlink.net,NO
132499,Dolly Stephenson,confusedJose10@rocketmail.com,NO
038cb6,Rozalie MacCulloch,Tabithahomely@aliceadsl.fr,NO
0f4c3f,Eugenie Wilfing,lazyAnna21@alice.it,NO
1c0370,Fraser Allsebrook,Alexaggressive@web.de,NO
08d556,Helaine Tailby,outstandingBrian@shaw.ca,NO
17dfab,Rosmunda Lafayette,panickyCarmen80@live.it,NO
1060bd,Kingsly Poundsford,dullJordan@yahoo.co.id,NO
18d56f,Ninette Wetherburn,Scottfantastic@comcast.net,NO
00527a,Thelma Rawcliffe,annoyedJason34@blueyonder.co.uk,NO
1d0769,Kingsley Slator,healthyMelissa@hetnet.nl,NO
148239,Barn Macbeth,jealousMaggie@live.com.au,NO
011c05,Jdavie Kilfoyle,magnificentVirginia@sfr.fr,NO
07b2ac,Neile Soden,dizzyKristen48@freenet.de,NO
0559f1,Nettle Sannes,Nikkiblack@planet.nl,NO
179ebc,Cassey Bredgeland,inquisitiveDaniel@shaw.ca,NO
02b077,Colene Hackley,terribleKevin35@tin.it,NO
0661cb,Chane Bunford,inquisitiveToni25@optusnet.com.au,NO
0476df,Davide Shulver,realToni@chello.nl,NO
0a779d,Brennen Rubartelli,importantJustin82@verizon.net,NO
06b522,Dennis Perring,Mathewdisturbed@sky.com,NO
0c318e,Garvin Stemp,homelyHenry@googlemail.com,NO
138c17,Alex Earnshaw,Meagandistinct@yahoo.com.mx,NO
31913,Diahann Redsall,Virginiadefeated@yahoo.com,NO
04c4df,Jaclin Mattingly,Joytame@rediffmail.com,YES
1ad743,Marleen Bonar,Nicolasdangerous@chello.nl,NO
0583ac,Jefferey Spinks,itchyAlexandra53@free.fr,NO
0e835a,Buddie Gregoraci,angryEvan53@juno.com,NO
199ee0,Rutherford Rouse,livelyAngela9@bigpond.com,NO
09664b,Crosby Olivia,tenseErik@facebook.com,NO
17e846,Ursola Crayk,Mandyold-fashioned@charter.net,NO
1d74b0,Chickie Hatterslay,Shannonhilarious@sfr.fr,NO
1d5a4d,Rivalee Howell,uptightRobyn@tiscali.it,NO
1c37bc,Padriac Kassel,Clintonaggressive@yahoo.in,NO
0ff80e,Ted Bern,stupidPaul51@neuf.fr,NO
0a9b83,Regine McFadden,richKendra58@bigpond.com,YES
015a8d,Ardine Giacomuzzo,energeticTasha@free.fr,NO
017a5a,Mercedes Dabell,innocentTabitha@voila.fr,NO
05d421,Jacquelin Measham,outrageousTheodore@yahoo.com,NO
0b12a1,Adella Resdale,Robincloudy@ntlworld.com,NO
136bf2,Conroy Wickliffe,obedientRachel@freenet.de,NO
123c21,Linus Pedrick,successfulKenneth@planet.nl,YES
0ffb59,Olin Simonot,Autumneasy@gmx.de,YES
098d3e,Tiffy Novotne,Nikkiglamorous@frontiernet.net,YES
0146d0,Barnard Tristram,smoggyJessica@yahoo.com.br,NO
0d51bb,Lissy Swainston,combativeRonald@yahoo.it,NO
020ec5,Penny Cliff,enviousKristi8@optusnet.com.au,NO
05c64c,Kilian Barosch,tiredHilary@yahoo.fr,NO
0de7ca,Lay Churching,elegantMelody@googlemail.com,NO
0b3860,Lois Sarson,Mitchelldark@arcor.de,YES
103426,Walton Wicher,Elizabethsuper@gmx.de,NO
0c6ddd,Arlyne Rainford,fairKatrina63@hotmail.it,YES
06dc52,Bertie Mullaney,thankfulAdrian93@tiscali.it,NO
0dffde,Sigismond Alliker,dangerousCory67@yahoo.com.br,NO
12209c,Fonsie Gurdon,Kristahorrible@hotmail.es,NO
12092d,Stesha Barth,clumsyLouis21@att.net,NO
1b1616,Tann Jervois,wickedShannon36@shaw.ca,NO
0a9ab4,Terri Karolyi,Adamtalented@bol.com.br,YES
18d4df,Osmund Restieaux,Priscillahelpful@yahoo.com,NO
14c03e,Casie Perryman,arrogantRegina92@hotmail.fr,NO
0fbf8b,Dode Latliff,Jorgesuccessful@live.co.uk,NO
1da53d,Justin Kempe,Hilarylight@ntlworld.com,NO
15330c,Yettie De Vuyst,frailTrisha11@ig.com.br,NO
037de9,Deena Franc,Jasminerelieved@live.com.au,YES
140766,Talya Whatham,mushyAlberto@rediffmail.com,NO
0d2c22,Bryan Tivenan,selfishCory@yahoo.com.mx,YES
07a3a6,Marlee Meigh,Andresdisturbed@orange.fr,NO
0a4aca,Freedman Mielnik,ugliestBrianna@optusnet.com.au,NO
1bbf23,Russ Davidovitch,crowdedJill20@gmx.net,NO
06efbb,Elane Gobel,dangerousDustin68@live.fr,YES
12b87c,Wileen Chadwin,Lawrencejoyous@windstream.net,NO
17a87e,Raine Prantoni,blackAshleigh57@tiscali.it,NO
0ad70d,Charmian Caley,grievingSophia@home.nl,NO
161f01,Kendell Berecloth,cleverTanya@optusnet.com.au,NO
0f892f,Vassily Ashingden,alertSergio1@alice.it,NO
49830,Ronna Knobell,poisedMolly76@hotmail.es,YES
01346f,Daniele Gallihaulk,quaintBrett@yahoo.com.ar,NO
0a6392,Torrey Casaccio,Denisedifficult@skynet.be,YES
086f42,Lief Dorbon,smoggyCory98@libero.it,NO
098a71,Fidelia Breadmore,fineLeonard@yandex.ru,NO
00a80a,Kerrin Firpo,expensiveSierra@hotmail.fr,NO
1e0945,Gabrila Ridgeway,magnificentPriscilla95@bluewin.ch,NO
0484d4,Estele Darby,proudRandi@bol.com.br,YES
0ed708,Elsinore Maypes,oddSavannah@live.co.uk,NO
1192b8,Adelaida Ginnell,Javieragreeable@frontiernet.net,NO
161daa,Cassondra Keach,enviousNathaniel89@windstream.net,NO
1c6b36,Lyn Forrest,poisedAlexis17@bol.com.br,YES
0ec148,Megen Borgne,colorfulShana@arcor.de,NO
0be5d6,Dane Pryde,Abigailinnocent@hotmail.es,NO
0cb510,Mead Stebbing,tenseKeri93@msn.com,YES
06653a,Dalis Goodacre,cloudyJacob32@tiscali.co.uk,NO
0.00E+00,Celesta Greenin,inexpensiveAndres93@blueyonder.co.uk,NO
1cd398,Caryl Symcoxe,stupidMarissa41@alice.it,NO
179ec4,Virgie Slimmon,drabRose@yahoo.com,YES
04399d,Mario De Bruyn,homelessGrace@tin.it,NO
1.78E+61,Calley Diable,unsightlyJorge4@sympatico.ca,NO
144726,Joscelin Busson,Garrettfrightened@yahoo.com.ar,YES
152076,Lydia Cheeke,frailAnne@earthlink.net,NO
1b0b77,Rebecca Hussy,shinySandra93@aim.com,NO
08369a,Ellene Knok,Stacyplain@ntlworld.com,NO
0a9fd4,Geordie Defau,inquisitiveDavid@zonnet.nl,YES
02aeb1,Kiel Cazereau,distinctTiffany36@rediffmail.com,NO
0d73ee,Rivalee Deeble,tenseIvan96@skynet.be,NO
1b6978,Jane Houndsom,Micahinquisitive@yahoo.fr,NO
0d7707,Meryl Kirsop,Juanitchy@qq.com,YES
1a85d7,Angy Treadway,alertBryce72@yahoo.in,NO
1a8275,Celia Meates,magnificentCaleb78@yahoo.co.id,NO
174b8c,Ofella Botwright,Sierrainexpensive@hotmail.es,NO
6510,Misty Bernard,Krystalweary@sympatico.ca,NO
1c72ae,Gib Robyns,crazyMegan97@aliceadsl.fr,NO
06ddcb,Darnell Peddie,cheerfulAna@voila.fr,NO
141091,Ollie Tremollet,longJeffery@uol.com.br,NO
023b1b,Carolus Callacher,busyThomas12@yahoo.de,NO
12de67,Sophey Bithell,obedientAnna37@ig.com.br,YES
0f4205,Durant Garmons,energeticMeghan85@att.net,NO
1e603a,Koralle Grube,unsightlyShawna@arcor.de,NO
0ced9a,Kirsti Selwyn,Colleenblushing@web.de,NO
1c2351,Lucien Mitford,inexpensiveKate55@tiscali.it,NO
089f5e,Arden Bonas,Katiecombative@gmx.net,NO
09f14f,Corrine Ramalhete,Joyfrightened@arcor.de,NO
13bdfa,Boony Doughartie,defeatedSarah@hotmail.de,YES
1.16E+06,Diane Lomansey,Brookeblack@skynet.be,YES
173c16,Fin Elsworth,Jeffreyadorable@mail.com,NO
0be121,Robbie Killwick,powerfulBonnie9@yahoo.co.in,YES
1b6837,Dalenna Fells,Jenniferthoughtless@charter.net,NO
1a1613,Daffi Stoffler,Raymondworried@hotmail.it,YES
5.80E+27,Raddie Stollen,gorgeousColin@tin.it,NO
02538a,Hazel Eich,plainKaitlin@mail.ru,NO
0a3e8e,Orren Guerreau,elegantPriscilla@juno.com,NO
1e2c6e,Iona Bruins,fairKayla16@aol.com,NO
15e57a,Conan Barhims,annoyingLeslie48@bol.com.br,YES
0ee1fd,Caprice Cowhig,worrisomeNoah@gmx.net,NO
121603,Dunstan Zelland,enthusiasticJustin25@yahoo.com.ar,NO
0d1ba6,Fania Abatelli,inquisitiveBrad@wanadoo.fr,NO
1ce935,Frazier Minihan,clumsyLogan83@yandex.ru,NO
00d45f,Morganica Abramchik,old-fashionedKrista11@bellsouth.net,NO
1e1645,Vachel Temlett,faithfulTracy77@yahoo.co.jp,NO
97631,Ertha Leverentz,healthyMarc@yahoo.es,YES
103ea1,Mei Standering,Richarduninterested@yahoo.fr,YES
0656fe,Auberon Shenton,franticKristin@earthlink.net,NO
08c2e0,Dorotea Stollenberg,Brittneyjittery@comcast.net,NO
02e2e7,Kaye Humburton,faithfulAlex8@me.com,NO
021af3,Clareta Tenant,tastyAmy76@live.nl,NO
04a67d,Eda Gadault,wittyCandace@yahoo.co.jp,NO
19fa2e,Dorelle Jugging,fantasticMelanie@yahoo.co.id,NO
02d3b5,Camilla Hastie,charmingEduardo@aim.com,NO
0cb170,Port Sproston,defeatedNaomi@bigpond.net.au,NO
0c0c80,Sal Talby,relievedJenny48@tin.it,NO
19b645,Hilary Saffe,jealousFelicia@arcor.de,NO
06d0c8,Stanleigh Pennigar,Alyssawrong@yahoo.fr,NO
0aa544,Zuzana Maypowder,pleasantVirginia9@yahoo.de,NO
15311,Paulo Bonefant,upsetPamela6@ymail.com,NO
02e471,Aurthur Kittow,cleverAshleigh26@bol.com.br,NO
06aeec,Lemmy Pygott,Tristanbreakable@yahoo.co.in,NO
154770,Susy Akitt,Jamiecareful@yahoo.ca,NO
1d8216,Raquel Tutsell,upsetCole47@cox.net,NO
10c1cc,Lynett Cookman,dangerousTaryn@yahoo.es,NO
1cfc9c,Faustine Manzell,Ricardocalm@tin.it,NO
93167,Joy Janson,zanyElizabeth42@outlook.com,NO
1c827d,Alaster Galey,blueCurtis@mac.com,NO
0a80d7,Kirbie Holme,Marisavictorious@yahoo.co.uk,NO
074d73,Siusan O'Crigane,successfulManuel@googlemail.com,NO
0512a7,Richard Buswell,splendidBarry78@charter.net,YES
1478cc,Carce Shinefield,annoyingLisa@bigpond.com,NO
0f53c4,Evangelia Cunio,Jonlively@terra.com.br,NO
0f2571,Stephan Di Frisco,frailJorge60@yahoo.com.ar,YES
0d9114,Rachael Kettle,Hectorhomeless@chello.nl,NO
0ebaf9,Willette Zannutti,Lawrenceshiny@zonnet.nl,NO
07cccc,Ulric Hawk,blueMicah9@terra.com.br,NO
0b1a87,Susan Bresman,Tammynervous@gmail.com,NO
2.70E+41,Remy Firmin,beautifulDesiree@tiscali.co.uk,NO
19667e,Lisabeth Althrope,franticDevon@earthlink.net,NO
124117,Bobbi Kubicka,pleasantAnthony35@yahoo.co.jp,NO
0ae596,Sara Pfaffe,Robertorepulsive@bol.com.br,YES
0fac5d,Bordy Flippen,concernedAmber@ig.com.br,NO
00526e,Atalanta Hurl,Andrescreepy@neuf.fr,NO
06fb59,Brittne Corkish,calmAngela73@optusnet.com.au,NO
1a2784,Dante Rief,worriedKristina@hotmail.de,NO
1dc679,Carissa Trattles,nervousVictor@yahoo.com.br,YES
098cc7,Rowan Ashfull,Audreycloudy@mac.com,NO
0b684c,Bail Trasler,Jasminegentle@hetnet.nl,NO
179c62,Chlo Baythorp,averageDawn@facebook.com,NO
86619,Patsy Geram,zealousAllison2@shaw.ca,NO
42233,Malachi Maylott,uptightPhillip@skynet.be,NO
1a0876,Alyda Eliasen,brainyMichele68@virgilio.it,NO
1c8721,Allie Carlile,lonelyWillie27@optusnet.com.au,NO
0b8bb0,Devondra Wolledge,Christineperfect@t-online.de,NO
0f52d7,Robena Gravett,Malloryencouraging@neuf.fr,NO
099bd1,Enoch Doornbos,Ryanfunny@chello.nl,NO
05f9fa,Alikee Stowgill,distinctLawrence87@gmail.com,NO
0f2ee3,Guillaume Anthoney,Marvinold-fashioned@facebook.com,NO
13f9a4,Octavius Nixon,disgustedJaclyn@live.com.au,NO
05c371,Reinaldos Bartrap,amusedTara22@googlemail.com,YES
14747a,Winfield Aust,grievingJonathan@yahoo.com,NO
0a7d6a,Jeanne Merriman,livelyLatoya@yandex.ru,NO
083d35,Randal Bowhay,Lucasinquisitive@planet.nl,NO
10f9ee,Dewitt Nutting,Rachelalive@msn.com,NO
1afa9a,Marven Keech,Ricardoplain@me.com,NO
105114,Tabatha Dael,Tonyalucky@virgilio.it,NO
02ff80,Fey Ledgley,uninterestedSpencer@yahoo.com.ar,NO
05cd2d,Wolfy Forton,shyKrystal42@optusnet.com.au,NO
00c77d,Maritsa Riba,Martinwide-eyed@centurytel.net,NO
1cbe3a,Carolann Jellico,gleamingHector@terra.com.br,NO
190793,Lona Braney,Alexcomfortable@yahoo.co.in,NO
128737,Frankie Reicharz,fancyGary87@sfr.fr,NO
73267,Brooks O'Kuddyhy,Meganattractive@web.de,NO
00a702,Brinna Mila,Mallorylight@wanadoo.fr,YES
1b0644,Reuben Melville,dizzyRussell@hotmail.de,NO
1e4c13,Hartwell Stendell,Reginaunusual@hotmail.com,NO
03ed9a,Karlotta Woolger,Kristypoised@libero.it,NO
1a4741,Tatum Hallad,Marcclumsy@hotmail.es,NO
1571d4,Cordelia Bresson,tiredRoss31@live.it,NO
1829bf,Derril Iron,Kristinproud@blueyonder.co.uk,NO
152a4c,Obediah Record,sparklingCassandra@yahoo.co.in,NO
1cb38d,Corette Goddard,franticTristan@verizon.net,NO
08f889,Gerick Gaymar,upsetEduardo20@zonnet.nl,NO
193aa6,Adriane Salmons,outrageousKara@juno.com,NO
4.50E+03,Lauraine Swetenham,Jessieagreeable@optonline.net,NO
000cdf,Dianemarie Philipp,Stevenrich@aim.com,NO
08158d,Maddie Need,itchyEugene80@hetnet.nl,NO
9.50E+95,Gaylor Jeanesson,Marisacheerful@yahoo.it,YES
0e2381,Juliana Ogley,Jessegentle@centurytel.net,NO
0cb357,Seana Baudinelli,sillyEvelyn96@libero.it,NO
08ba8b,Orv Maykin,exuberantRenee@uol.com.br,NO
02a473,Inigo Ahmad,brightHannah81@yahoo.com.ar,NO
08d9f8,Fitz Cordeix,Leonardnaughty@charter.net,NO
1c9f35,Cedric Vogt,Stevebright@club-internet.fr,NO
1e3a0d,Bettine Bartelot,lazyWesley@live.fr,NO
0e56be,Darla Willerson,eagerOscar35@blueyonder.co.uk,NO
03ac6f,Zabrina Gotcher,Shanadefiant@mac.com,NO
1de1c4,Isidora Marryatt,magnificentRose@windstream.net,YES
193603,George Edgler,hungryAutumn52@club-internet.fr,NO
0cd162,Petey Hards,old-fashionedIan@aliceadsl.fr,NO
08a15e,Heida Wewell,difficultKristin@aliceadsl.fr,NO
96252,Chaddy Caldecot,unsightlyRoy68@tiscali.co.uk,NO
085f7f,Falkner Windebank,hilariousNoah57@virgilio.it,NO
06d85c,Marris Barme,beautifulBrittany@free.fr,NO
02afea,Yasmin Dibsdale,Lukeoutstanding@me.com,NO
0e731f,Hayden Sharram,breakableTiffany65@virgilio.it,YES
0597f1,Flory Janda,darkCaroline@att.net,NO
00cac2,Tiebout MacCrossan,horribleTara@live.com.au,NO
1a8c6b,Bendite Larrat,magnificentNancy@mac.com,NO
05bbde,Joseph Haugh,outstandingSarah@tin.it,NO
140ff9,Oren Inett,Angelconcerned@planet.nl,NO
084b5f,Ramsay Kastel,Brentexuberant@googlemail.com,YES
0d3b27,Kailey Ravenscroftt,alertJamie0@freenet.de,NO
08a6ec,Raul Vicar,smoggyMeagan@msn.com,NO
127123,Traver Foucher,curiousMegan83@mac.com,YES
15c7db,Jasmine Rumgay,Kristinejittery@aim.com,NO
180ba4,Laurella Labusquiere,combativeJacqueline28@terra.com.br,NO
1e2ded,Elsi Beaston,Bonnienice@hetnet.nl,NO
1a4043,Georgianne Grolle,blushingBlake@live.ca,NO
1733d3,Eddi Fowley,Shaunhilarious@charter.net,NO
82434,Hiram Hincks,boredRonald@arcor.de,NO
183a73,Fae Edinborough,repulsiveDarrell@ymail.com,NO
1d9c10,Shelba Carse,Tabithaobnoxious@att.net,NO
108520,Wileen MacCallum,worriedKellie@sympatico.ca,NO
06fb4a,Florenza Lampitt,lightClaire@aim.com,NO
124fc6,Marijn Highton,obnoxiousJavier84@club-internet.fr,YES
120bcb,Bernette Delacote,sleepyGlenn@cox.net,NO
17c267,Ileane McBeath,condemnedMarc99@yahoo.com.ar,YES
0cf5ec,Sarena Gipp,Adambrainy@aol.com,NO
17ca32,Nixie Tibbles,Jaclynzealous@free.fr,YES
1013cf,Trevor Mugridge,depressedLisa@hotmail.fr,NO
114bee,Coreen Potter,Mayrahandsome@orange.fr,NO
0d5f2b,Breena Gladstone,Carlosstormy@uol.com.br,NO
12bc26,Judie Collopy,Brookeobedient@live.com,YES
06c282,Shanda Gairdner,enchantingKaren@yahoo.com.au,YES
0823a6,Savina Scanderet,Angelicaenchanting@alice.it,NO
146423,Codi Millen,Laurendifferent@sfr.fr,NO
001b95,Jocko Lebarree,alivePatricia@live.it,NO
13f5da,Farlay Bronot,Michealrepulsive@wanadoo.fr,NO
1abf02,Hyacintha Moreman,faithfulCaitlin@yahoo.com.mx,NO
11faa2,Papagena Mathwin,energeticMarco88@sbcglobal.net,NO
1263fc,Linette Piens,illHeidi@qq.com,NO
0ad5fd,Eleonore Stopp,wanderingTamara@aim.com,NO
0cae84,Matilde Dehm,Julianpoor@rocketmail.com,NO
08df2b,Caterina Sukbhans,hilariousTheresa@ntlworld.com,NO
09f611,Uriel Dyball,worrisomeJesus35@frontiernet.net,NO
0525fe,Alvie De Lascy,clearPhilip@bellsouth.net,NO
045aa0,Fania Haysar,motionlessMark@sbcglobal.net,YES
1c3fa7,Lizbeth Cottey,depressedCheryl@sfr.fr,NO
192292,Shaine Cattemull,busyGregory@hotmail.it,NO
1ad563,Etan Chmarny,Alexandragrotesque@sfr.fr,NO
19e892,Loralyn Havis,agreeableTyrone54@neuf.fr,NO
19a1b8,Sorcha Maase,boredDiana@home.nl,NO
0c5b69,Teodorico Songest,splendidRicardo@freenet.de,YES
09e5ae,Ana Soaper,zealousKenneth@bigpond.com,NO
0c7ee5,Auberon Farrall,bloodyBryce@gmx.net,NO
177232,Fiona Di Frisco,frailMartha@aol.com,NO
04c4bb,Wallie Bidgood,tenseCody43@verizon.net,NO
06a09b,Dulcinea Petrolli,selfishPreston25@neuf.fr,NO
1d9e5d,Sosanna Jakubovics,blueRussell55@optonline.net,NO
04e738,Josselyn Czaja,clearBilly93@centurytel.net,NO
18f569,Lazarus Gair,Christiangifted@charter.net,NO
05d076,Curtice Trimmell,Marthadark@aol.com,NO
1d38c8,Kori Entres,thoughtlessBruce71@yahoo.co.in,NO
004c9b,Lanie Woonton,filthyFelicia56@live.ca,NO
126ddc,Immanuel Erdis,Tonyajoyous@aol.com,NO
1afb70,Vivia Harbron,colorfulRicky@sbcglobal.net,NO
00e97b,Humfried Blankley,Victorglamorous@freenet.de,NO
06b98a,Latrena Mateu,Michaelpuzzled@web.de,NO
85585,Ole Freake,obnoxiousAmy@chello.nl,YES
174aae,Andonis Wince,thoughtlessGloria77@gmx.net,NO
09a61b,Thaddus Klaes,Louisexcited@live.co.uk,NO
0aa571,Dall Snoad,Caitlinelegant@home.nl,NO
0b69dc,Omar Coutthart,splendidClaudia64@blueyonder.co.uk,NO
04efbb,Brad Donet,gleamingKristopher32@hotmail.com,NO
184ef3,Sadella Trundell,Isaactalented@zonnet.nl,NO
1b2cd6,Grayce Gepheart,adventurousTravis@chello.nl,NO
0bbfc2,Ingram Dugall,Oliviabored@laposte.net,NO
14a177,Philis Skeete,frailLacey@qq.com,YES
75234,Emmy Lambshine,lightSteven19@ig.com.br,NO
00808d,Francesca Wick,blueTonya93@club-internet.fr,YES
07cf00,Cyndie McNutt,magnificentAnne@orange.fr,NO
64390,Eberhard Willbraham,Toddsuper@hetnet.nl,YES
03882f,Ainslie Konrad,busyRebecca@rambler.ru,NO
06ec42,Michail Asgodby,enviousDarren@sfr.fr,NO
0fcafc,Seward Benian,muddyBrandy41@free.fr,NO
0f89bf,Barby Lidgely,Daisydelightful@verizon.net,YES
14c09f,Ilise Studd,excitedMeagan@comcast.net,NO
18bad1,Bud Christophersen,grumpyMaggie34@tiscali.it,NO
0b0b63,Cristionna Haith,cruelRachel8@yahoo.in,NO
18b495,Julee Bisson,Janettroubled@ig.com.br,YES
0a9ee7,Cecilla Elias,richKatie30@freenet.de,NO
1bbef3,Misty Stoltz,grumpyRaul66@frontiernet.net,NO
0fe50a,Cesya Tschirasche,condemnedJenna10@laposte.net,NO
1d0756,Frasco Dell'Abbate,obnoxiousVeronica50@live.co.uk,NO
1aea23,Sybilla McBean,hilariousShawn10@hotmail.es,YES
1b3939,Maisie Hayers,Lukeperfect@arcor.de,YES
15b735,Beryl Leipelt,Pedrodefeated@planet.nl,NO
0e4b5c,Mikel Braunes,Dylanuptight@telenet.be,NO
0e7cc7,Tremain Sabben,Albertenvious@tiscali.co.uk,NO
1c88b6,Jillian Dunstan,courageousApril76@orange.fr,NO
1080cd,Monique Aysh,boredGeorge9@juno.com,NO
0c5388,Carling Coumbe,cruelTimothy@gmx.net,NO
1d070c,Rollins Mulderrig,Alisoneager@skynet.be,NO
1562ab,Teddie Flockhart,wildKellie89@aol.com,YES
1d221e,Sonnie Scrymgeour,wittyRegina@web.de,NO
06be6c,Cahra Faucett,Daniellovely@wanadoo.fr,NO
08fe9f,Vergil McReath,Brandycooperative@mail.com,NO
16cdcc,Felicity Ridley,sillyMeagan@aim.com,YES
098a09,Eyde Dahlborg,Chadpoised@shaw.ca,NO
1558c3,Dannel Kipping,superWendy12@mail.ru,NO
0e595e,Lynnett Gregorowicz,determinedLucas66@live.com.au,YES
0bc170,Helenelizabeth Maly,poisedKelsey39@ymail.com,NO
0f6215,Josefa Frederick,Kendranasty@gmail.com,NO
0bf5c6,Charlie Sinson,Brandontasty@aim.com,YES
18872a,Antons Bridgstock,spotlessClinton73@googlemail.com,NO
04580b,Elle Origin,breakableErica@ntlworld.com,NO
0c3c19,Artus Caldes,Erikaworried@rediffmail.com,NO
11c0e0,Jaclin Defty,brightKristen@rocketmail.com,NO
1545b7,Sampson Papps,concernedCrystal@qq.com,NO
050d4e,Marlowe Girvan,Johnfriendly@charter.net,NO
0a148b,Toinette Glancy,Candaceblack@yahoo.fr,NO
1c4e3f,Seamus Wenman,tameMicah@rambler.ru,NO
174822,Ellen Doy,ugliestBarry@gmx.de,NO
10d9bf,Aloise Helin,Juanrepulsive@blueyonder.co.uk,NO
12e16d,Martin Jaukovic,Tanyafriendly@terra.com.br,NO
0f5d4b,Jamil Dary,nastyTasha@uol.com.br,NO
0f8796,Akim Rasher,depressedCarlos@club-internet.fr,NO
1667ee,Rabbi McCrorie,cloudyDesiree@bigpond.com,YES
17ea73,Olga Surgeon,outrageousAimee@home.nl,NO
0f974a,Morey Daville,Aliciacheerful@aol.com,NO
53056,Arty Fyldes,selfishCara77@earthlink.net,NO
0ac041,Eduino Soeiro,hurtJake@ymail.com,NO
0625a3,Sholom Dunckley,Cassiecareful@gmx.net,NO
08b110,Janos MacMenemy,Theodoreclumsy@hetnet.nl,NO
0b0fd7,Channa Fitzpatrick,Lindseydefiant@yahoo.es,NO
1b98ea,Carrissa Hasnney,fancyJake@tin.it,NO
14cc2e,Haleigh McComas,worrisomeAnne84@cox.net,NO
03f563,Myrtice Harce,dullAlexis@qq.com,NO
1b1ed5,Stavros Lethley,superMarissa31@yahoo.ca,YES
0c6d9e,Rozalin Carding,wittyMonique@t-online.de,NO
1e537a,Anatola Mapstone,amusedKristi@t-online.de,NO
3363,Chrissy Maysor,ashamedHenry@hotmail.es,NO
16aecb,Sterling Grunnill,helpfulGerald99@ig.com.br,YES
03dbe9,Elysia Giacomo,carefulChase@frontiernet.net,YES
115aec,Shirlene Camamile,nuttyHenry89@hetnet.nl,NO
05352b,Danette MacCallum,Gregorysplendid@rediffmail.com,NO
05c4ec,Mordecai Seton,funnyCaitlin@yahoo.co.jp,YES
1d50d3,Traver Lyal,sparklingRebekah2@hetnet.nl,NO
1bed6f,Arni Futty,vivaciousLevi80@gmail.com,NO
09b8d9,Christi Revie,longNeil@hotmail.fr,NO
01e459,Ilise Randell,naughtyRebekah87@rocketmail.com,NO
01fff8,Jamesy Bert,sleepyBrandi@skynet.be,YES
0d1424,Chad Brantzen,fineErika@sky.com,NO
0de360,Denny Toe,quaintBryce94@hetnet.nl,YES
0c8bea,Petra Langstaff,Rebekahcreepy@hotmail.it,NO
15ba72,Benny Poynter,Ryandull@att.net,NO
195b11,Cordelia Allawy,Marcusnasty@mail.com,NO
0a1805,Husain Van Haeften,happyTiffany20@rambler.ru,NO
0a3346,Emilee Dearnley,Feliciadisturbed@gmx.net,YES
1a5f0e,Randee Januszewicz,Tarafoolish@chello.nl,NO
1c7328,Goober Kettoe,Sergioenvious@shaw.ca,NO
84366,Berty Noddings,enchantingKelli42@yahoo.co.jp,YES
02a4eb,Howey Faichney,handsomeAshlee84@sbcglobal.net,NO
1cb257,Tatiania Clubley,poorCaitlin84@uol.com.br,NO
16f3c3,Celestia Whissell,hurtTheresa@rambler.ru,YES
111b1a,Bev Kunz,gracefulVictor74@gmx.de,NO
0c1d4a,Kippie Seine,Stefaniethoughtful@freenet.de,NO
028c38,Reinhold Pendre,Mindyfriendly@virgilio.it,NO
035a34,Gallard Peffer,helpfulBrandy@terra.com.br,NO
03fafa,Atlanta Holsey,annoyingWesley21@laposte.net,NO
1bcf47,Waite Kirkland,sparklingJavier19@hetnet.nl,NO
16d202,Leonerd Luck,lovelyRobyn87@hotmail.it,NO
01abe3,Paolina Oguz,repulsiveAdam59@yahoo.it,NO
1e657d,Joy Dunster,Sabrinaalive@gmx.net,NO
0b77db,Rawley Lacaze,spotlessReginald86@sfr.fr,YES
189136,Broddy Grouse,Amylonely@verizon.net,NO
167aa7,Dede McLaren,vivaciousJimmy0@virgilio.it,NO
04b772,Oran Coveny,carefulMark@bigpond.net.au,NO
118045,Sandra Fibben,helpfulRicky17@yahoo.com.br,YES
0b7b77,Idette Yitzowitz,Danielugly@qq.com,YES
89721,Wash Grunnell,plainNatasha@gmx.net,NO
152e7a,Gwyneth Saynor,healthyJodi@club-internet.fr,NO
1ab2e1,Simone Yegorov,happyMarvin@gmx.net,NO
17c24d,Mason Kirtland,blue-eyedCharles69@live.it,NO
130da7,Jocelyne Guidera,luckyMario20@chello.nl,NO
06664e,Mercedes Gilyatt,breakableDana44@gmx.net,NO
0354d0,Townsend Schubbert,upsetMichele@facebook.com,NO
07e935,Granville Francisco,quaintJon@arcor.de,NO
0a8ded,Ernesta Pringley,impossibleJason@mail.com,NO
091ec3,Rustie Olesen,braveAlex@sbcglobal.net,NO
0ca07b,Phillipp Coller,friendlyMelanie@hotmail.it,YES
1.70E+76,Boothe Duffil,excitedCasey@bigpond.com,NO
142d6d,Jaclin Cowpe,charmingVeronica@msn.com,NO
0522a0,Cynthia Clempton,shinyKaren@chello.nl,NO
014c89,Mercedes Noades,filthyRandy@hotmail.it,NO
0aee7f,Modestine Hinstock,Christianlight@rediffmail.com,NO
07aa3b,Syman Thying,Justinnasty@gmail.com,YES
08a84b,Halsy D'Abbot-Doyle,stormyMathew5@yahoo.co.id,NO
0943de,Marchall Cubin,grumpyNatalie@qq.com,NO
07a187,Joya De Minico,adorableAnthony@gmx.de,YES
17794,Enrichetta McQuirk,Briannalucky@ig.com.br,NO
1dc85e,Sonya Biaggioni,cleanStefanie@bol.com.br,NO
1d7dfc,Heriberto Golland,proudKenneth10@skynet.be,NO
11ecd6,Lloyd Edney,beautifulNoah@yandex.ru,NO
05950e,Windy Donat,Lesliewicked@yahoo.co.uk,YES
1c95c0,Heath Calabry,Travisglamorous@hotmail.it,NO
1e1e32,Royce Scohier,Meaganhappy@yahoo.co.in,NO
1a71be,Danielle Manton,agreeableIvan@yahoo.co.id,NO
04366e,Odilia Bonafant,Mariepoor@hetnet.nl,NO
